setup,window,hours,trades,wins,losses,winrate,profit,roi,profit_factor
extreme_reversion,ER_NEG_14,14:00,74,26,48,35.14,-23.69,-32.01,0.49
balanced_rebound,BR_NEG_20_21,20:00-21:00,87,34,53,39.08,-23.89,-27.46,0.55
balanced_rebound,BR_NEG_02_03,02:00-03:00,117,46,71,39.32,-30.61,-26.16,0.56
extreme_reversion,ER_NEG_09,09:00,187,75,112,40.11,-45.7,-24.44,0.58
extreme_reversion,ER_NEG_20,20:00,99,40,59,40.4,-22.52,-22.75,0.6
extreme_reversion,ER_17_18,17:00-18:00,181,95,86,52.49,-0.32,-0.18,1.0
extreme_reversion,ER_21_23,21:00-23:00,139,75,64,53.96,3.51,2.53,1.06
extreme_reversion,ER_07_08,07:00-08:00,180,101,79,56.11,11.09,6.16,1.15
balanced_rebound,BR_16_18,16:00-18:00,148,86,62,58.11,13.12,8.86,1.22
balanced_rebound,BR_22_23,22:00-23:00,64,38,26,59.38,6.41,10.02,1.25
